{"schemaVersion":"1.0","appDefinitionTemplate":{"id":"/providers/Microsoft.PowerApps/apps/","type":"Microsoft.PowerApps/apps","tags":{"primaryDeviceWidth":"1366","primaryDeviceHeight":"768","supportsPortrait":"true","supportsLandscape":"true","primaryFormFactor":"Tablet","showStatusBar":"false","publisherVersion":"3.23093.15","minimumRequiredApiVersion":"2.2.0","hasComponent":"true","hasUnlockedComponent":"true","isUnifiedRootApp":"false","sienaVersion":"20231005T234755Z-3.23093.15.0"},"properties":{"appVersion":"2023-10-05T23:47:55Z","lifeCycleId":"Published","createdByClientVersion":{"major":3,"minor":23093,"build":15,"revision":0,"majorRevision":0,"minorRevision":0},"minClientVersion":{"major":3,"minor":23093,"build":15,"revision":0,"majorRevision":0,"minorRevision":0},"backgroundColor":"RGBA(0,176,240,1)","backgroundImageUri":"/9644110507981701098/N41bdf200-052b-46f3-b39a-7c41fdb093a5-logoSmallFile","displayName":"HACKAFORCHANGE","description":"","commitMessage":"","appUris":{"documentUri":{"value":"/9644110507981701098/N70f15455-55a5-4ac0-b9c5-8e119411265a-document.msapp"},"imageUris":[],"additionalUris":[]},"createdTime":"0001-01-01T00:00:00Z","lastModifiedTime":"0001-01-01T00:00:00Z","sharedGroupsCount":0,"sharedUsersCount":0,"connectionReferences":{"f24fe917-335d-44a4-91fd-a67368cb00fb":{"id":"4756faf9-fec3-4aa3-83e1-078faf9b45f8","displayName":"Excel Online (Business)","iconUri":"https://connectoricons-prod.azureedge.net/u/henryorsborn/partial-builds/asev3migrations-with-resourceTemplate/1.0.1653.3403/excelonlinebusiness/icon.png","dataSources":["Users","Tabela3","Table1"],"dependencies":[],"dependents":[],"parameterHints":{},"parameterHintsV2":{},"isOnPremiseConnection":false,"bypassConsent":false,"dataSets":{"me,b%2521-qDqNbvTE0Cx66kQU4hauMOW1ZcafqxDqreVtt4Ys8CtI48fQd3vTqm7_5HA8k6F,01GJR3XOHZ432LJGHCFBDZ5DHWWUWHCQLG":{"dataSources":{"Users":{"tableName":"{8799FF55-CF45-4F29-A68A-E0E3ED8DB2B8}"},"Tabela3":{"tableName":"{B9C1088C-FC00-4FCF-9637-A466DAD503A5}"},"Table1":{"tableName":"{9F5377D7-3CA2-479C-B47A-5A79997CEF78}"}}}},"apiTier":"Standard","isCustomApiConnection":false,"actions":["providers/PowerPlatform.Governance/Operations/Read","providers/PowerPlatform.Governance/Operations/Write"]}},"databaseReferences":{},"almMode":"Environment","performanceOptimizationEnabled":true,"canConsumeAppPass":true,"enableModernRuntimeMode":false,"executionRestrictions":{"isTeamsOnly":false,"dataLossPreventionEvaluationResult":{"status":"Compliant","lastEvaluationDate":"2023-10-04T21:42:42.9730364Z","violations":[],"violationsByPolicy":[],"violationErrorMessage":"The app uses the following connectors: ."}}},"appType":"ClassicCanvasApp","appComponents":[]}}